{
    "Achlys": {
        "Materials": {
            "implant": {
                "E1": 0.9432438584975898,
                "E2": 0.9993439514189959,
                "E3": 1.4968802296556531,
                "n1": 0.0006091828844510019,
                "n2": 0.0004311255416832864
            }
        }
    },
    "Options": {
        "n_cores": 8
    }
}